{
  "보정 전 (raw)": {
    "n": 120,
    "mean": 3.3865543272154257,
    "median": 2.7926965118513145,
    "rms": 3.863234593789787,
    "p90": 6.107047264051786,
    "within_1m_pct": 4.166666666666666
  },
  "채널 규칙만 (P1 [9])": {
    "n": 120,
    "mean": 3.3428357521160077,
    "median": 3.1160565260055026,
    "rms": 3.702237966126062,
    "p90": 5.453830305744151,
    "within_1m_pct": 1.6666666666666667
  },
  "잔차 보정만 (기본)": {
    "n": 120,
    "mean": 2.7255525596618257,
    "median": 2.1705955082287565,
    "rms": 3.1628603663067816,
    "p90": 5.13899082979108,
    "within_1m_pct": 7.5
  },
  "채널+잔차 결합": {
    "n": 120,
    "mean": 3.255548668048269,
    "median": 2.750888017510551,
    "rms": 3.708383089585144,
    "p90": 5.7926941818604,
    "within_1m_pct": 4.166666666666666
  },
  "GML (P5) 보정 전": {
    "n": 120,
    "mean": 3.2699584221429188,
    "median": 3.3797931958986087,
    "rms": 3.3873736437934734,
    "p90": 4.319695892793363,
    "within_1m_pct": 1.6666666666666667
  },
  "GML (P5) + 잔차 보정": {
    "n": 120,
    "mean": 3.1157056081476027,
    "median": 3.027115830073161,
    "rms": 3.2942908497378713,
    "p90": 4.6406583048704,
    "within_1m_pct": 0.8333333333333334
  },
  "improvement_pct": 19.51841617426834
}